Unnamed: 0,id,title
0,tt0062622,2001: A Space Odyssey
1,tt0064816,The Swimming Pool
2,tt0088178,Stop Making Sense
3,tt0145487,Spider-Man
4,tt0359950,The Secret Life of Walter Mitty
5,tt0369610,Jurassic World
6,tt0435651,The Giver
7,tt0437086,Alita: Battle Angel
8,tt0439572,The Flash
9,tt0448115,Shazam!
10,tt0451279,Wonder Woman
11,tt0455944,The Equalizer
12,tt0478970,Ant-Man
13,tt0490215,Silence
14,tt0493405,CHIPS
15,tt0783640,The Last Full Measure
16,tt0787474,The Boxtrolls
17,tt0790636,Dallas Buyers Club
18,tt0810819,The Danish Girl
19,tt0816442,The Book Thief
20,tt0816692,Interstellar
21,tt0831387,Godzilla
22,tt0837563,Pet Sematary
23,tt0859635,Super Troopers 2
24,tt0864835,Mr. Peabody & Sherman
25,tt0870154,Jungle Cruise
26,tt0884726,Legends of Oz: Dorothy's Return
27,tt0884732,The Wedding Ringer
28,tt0903657,Love & Mercy
29,tt0918940,The Legend of Tarzan
30,tt0974015,Justice League
31,tt0993846,The Wolf of Wall Street
32,tt10011448,Linda Ronstadt: The Sound of My Voice
33,tt10016180,The Little Things
34,tt10039344,Countdown
35,tt10059518,Unhinged
36,tt10098448,Jesus Revolution
37,tt10160976,The Nun II
38,tt10195452,American Skin
39,tt1020072,Selma
40,tt1025100,Gemini Man
41,tt1029360,Poltergeist
42,tt10298810,Lightyear
43,tt10298840,Strange World
44,tt10314450,Becky
45,tt10327252,The Forever Purge
46,tt10341196,Gigi & Nate
47,tt10342730,Spiral
48,tt10362466,After We Collided
49,tt10366206,John Wick: Chapter 4
50,tt10370710,The Worst Person in the World
51,tt10403420,Terrifier 2
52,tt1043726,The Legend of Hercules
53,tt10473036,The Amazing Maurice
54,tt10515926,Half Brothers
55,tt1051904,Goosebumps
56,tt10545296,The Hunger Games: The Ballad of Songbirds & Snakes
57,tt10633456,Minari
58,tt10638522,Talk to Me
59,tt10648342,Thor: Love and Thunder
60,tt10655524,It Ends with Us
61,tt10661180,The Last Shift
62,tt10665338,Halloween Kills
63,tt10676048,The Marvels
64,tt10720352,Arthur the King
65,tt1072748,Winchester
66,tt10731256,Don't Worry Darling
67,tt1082807,The Belko Experiment
68,tt1083452,Eddie the Eagle
69,tt10838180,The Matrix Resurrections
70,tt10855768,Missing
71,tt1086064,Bill & Ted Face the Music
72,tt1086772,Blended
73,tt10872600,Spider-Man: No Way Home
74,tt1091191,Lone Survivor
75,tt10919380,Freaky
76,tt10944596,Here Today
77,tt10954600,Ant-Man and the Wasp: Quantumania
78,tt10954652,Old
79,tt10954984,Nope
80,tt11003218,Pig
81,tt11020728,Long Weekend
82,tt11032374,Demon Slayer: Kimetsu no Yaiba - The Movie: Mugen Train
83,tt11057302,Madame Web
84,tt11083552,Wrath of Man
85,tt11084896,Spirit Untamed
86,tt1109624,Paddington
87,tt11125620,The Addams Family 2
88,tt11128440,Clerks III
89,tt11138512,The Northman
90,tt11145118,Creed III
91,tt11152168,IF
92,tt11169050,Supernova
93,tt11214590,House of Gucci
94,tt11229780,Infidel
95,tt11245972,Scream
96,tt11252248,Dog
97,tt1126590,Big Eyes
98,tt11271038,Licorice Pizza
99,tt11285280,Together Together
100,tt11304740,Wish
101,tt11349958,Merci pour tout
102,tt1137450,Death Wish
103,tt11389872,Kingdom of the Planet of the Apes
104,tt11422728,"Summer of Soul (...Or, When the Revolution Could Not Be Televised)"
105,tt11466222,Jackass Forever
106,tt11535358,Family Camp
107,tt1160419,Dune: Part One
108,tt11614912,She Dies Tomorrow
109,tt1170358,The Hobbit: The Desolation of Smaug
110,tt11729298,American Underdog
111,tt11762114,Mean Girls
112,tt11790780,The Alpinist
113,tt1179933,10 Cloverfield Lane
114,tt11813216,The Banshees of Inisherin
115,tt11832046,PAW Patrol: The Movie
116,tt11858890,The Creator
117,tt1200263,The Color Purple
118,tt12003946,Violent Night
119,tt1204977,Ouija
120,tt1205537,Jack Ryan: Shadow Recruit
121,tt1206885,Rambo: Last Blood
122,tt1211837,Doctor Strange
123,tt1212428,The Lost City of Z
124,tt1213641,First Man
125,tt12193804,Whitney Houston: I Wanna Dance with Somebody
126,tt1219827,Ghost in the Shell
127,tt12261776,65
128,tt1226837,Beautiful Boy
129,tt1229340,Anchorman 2: The Legend Continues
130,tt1230168,Same Kind of Different as Me
131,tt1234721,RoboCop
132,tt12412888,Sonic the Hedgehog 2
133,tt1253863,300: Rise of an Empire
134,tt1255919,Holmes & Watson
135,tt12584954,Twisters
136,tt12593682,Bullet Train
137,tt1259528,Den of Thieves
138,tt1267297,Hercules
139,tt1270797,Venom
140,tt12758486,Chevalier
141,tt12789558,Belfast
142,tt12844910,Pathaan
143,tt1285009,The Strangers: Prey at Night
144,tt12873300,Sight
145,tt12873562,The Invitation
146,tt1291150,Teenage Mutant Ninja Turtles
147,tt12921446,The Exorcist: Believer
148,tt1292566,How to Be Single
149,tt1293847,xXx: Return of Xander Cage
150,tt12971924,The Call
151,tt1298644,The Hustle
152,tt13087796,I'm Your Man
153,tt13097932,One Life
154,tt13204490,Petite Maman
155,tt1322269,August: Osage County
156,tt13223398,Beast
157,tt13238346,Past Lives
158,tt13287846,Napoleon
159,tt13320622,The Lost City
160,tt13321244,Origin
161,tt13327144,The Forgotten Carols
162,tt13345606,Evil Dead Rise
163,tt13375076,The Pope's Exorcist
164,tt1340138,Terminator Genisys
165,tt13405778,Insidious: The Red Door
166,tt13429870,Robot Dreams
167,tt13433802,A Quiet Place: Day One
168,tt13502506,L'Arracheuse de temps
169,tt13521006,Beau Is Afraid
170,tt1355630,If I Stay
171,tt1355631,The Infiltrator
172,tt1355644,Passengers
173,tt1355683,Black Mass
174,tt1361336,Tom & Jerry
175,tt1365519,Tomb Raider
176,tt13669038,Women Talking
177,tt1371150,This Is Where I Leave You
178,tt13751694,Animal
179,tt13820428,Witnesses
180,tt13833688,The Whale
181,tt13848804,Journey to Bethlehem
182,tt1386697,Suicide Squad
183,tt1389139,When the Bough Breaks
184,tt1390411,In the Heart of the Sea
185,tt1392190,Mad Max: Fury Road
186,tt13957560,Dumb Money
187,tt1396484,It
188,tt1398426,Straight Outta Compton
189,tt14051976,Camp Hideout
190,tt14061478,Lamb of God: The Concert Film
191,tt1408253,Ride Along
192,tt14088510,Tarot
193,tt14097180,Somewhere in Queens
194,tt14109724,Ticket to Paradise
195,tt1413492,12 Strong
196,tt1418377,"I, Frankenstein"
197,tt14208870,The Fabelmans
198,tt14209916,Cocaine Bear
199,tt14230388,Asteroid City
200,tt14230458,Poor Things
201,tt1430612,Brick Mansions
202,tt1431045,Deadpool
203,tt14331144,Jujutsu Kaisen 0
204,tt1433813,Hubble
205,tt14351082,Cabrini
206,tt14362112,Trolls Band Together
207,tt14439896,Father Stu
208,tt14444726,Tár
209,tt14454876,Golda
210,tt1448754,Thanksgiving
211,tt14537248,Nefarious
212,tt14539740,Godzilla x Kong: The New Empire
213,tt1454468,Gravity
214,tt14561712,La Chimera
215,tt14570440,Radical
216,tt1458169,Kidnap
217,tt14614892,Dragon Ball Super: Super Hero
218,tt1462764,Indiana Jones and the Dial of Destiny
219,tt1464335,Uncharted
220,tt14668630,"Lyle, Lyle, Crocodile"
221,tt1469304,Baywatch
222,tt1477834,Aquaman
223,tt1478839,The Art of Racing in the Rain
224,tt14849194,The Holdovers
225,tt1485796,The Greatest Showman
226,tt1489887,Booksmart
227,tt1489889,Central Intelligence
228,tt1490017,The Lego Movie
229,tt14966898,Late Night with the Devil
230,tt1502397,Bad Boys for Life
231,tt1502407,Halloween
232,tt1502712,Fantastic Four
233,tt15078804,Problemista
234,tt15109082,The Quiet Girl
235,tt1517268,Barbie
236,tt1517451,A Star Is Born
237,tt15239678,Dune: Part Two
238,tt15242330,The First Slam Dunk
239,tt1524930,Vacation
240,tt15255876,Emily the Criminal
241,tt1528100,Exodus: Gods and Kings
242,tt1528854,Daddy's Home
243,tt15314262,The Beekeeper
244,tt15325794,Fall
245,tt15339456,Marcel the Shell with Shoes On
246,tt15339570,Champions
247,tt15398776,Oppenheimer
248,tt15428940,Jules
249,tt15474916,Smile
250,tt15488088,Moving On
251,tt15574270,I Saw the TV Glow
252,tt1560220,Zombieland: Double Tap
253,tt1563742,Overboard
254,tt15671028,No Hard Feelings
255,tt1571249,The Skeleton Twins
256,tt15789038,Elemental
257,tt15791034,Barbarian
258,tt15837338,PAW Patrol: The Mighty Movie
259,tt1587310,Maleficent
260,tt1590193,The Commuter
261,tt1594972,Norm of the North
262,tt1596345,Pawn Sacrifice
263,tt1596363,The Big Short
264,tt1609486,Harold and the Purple Crayon
265,tt1615160,The Foreigner
266,tt1617661,Jupiter Ascending
267,tt1618442,The Last Witch Hunter
268,tt1619029,Jackie
269,tt1620680,A Wrinkle in Time
270,tt1620981,The Addams Family
271,tt16227014,Fire of Love
272,tt1628841,Independence Day: Resurgence
273,tt1630029,Avatar: The Way of Water
274,tt1631867,Edge of Tomorrow
275,tt1638355,The Man from U.N.C.L.E.
276,tt16419074,Air
277,tt16426418,Challengers
278,tt16428256,Suzume
279,tt1646971,How to Train Your Dragon 2
280,tt1648190,The Dark Tower
281,tt1655441,The Age of Adaline
282,tt1661199,Cinderella
283,tt1661275,Their Finest
284,tt1661382,Grudge Match
285,tt1663202,The Revenant
286,tt1666801,The DUFF
287,tt1674771,Entourage
288,tt1677720,Ready Player One
289,tt1679335,Trolls
290,tt1684562,The Fall Guy
291,tt1686821,Vampire Academy
292,tt1691916,Before I Fall
293,tt1695843,Haunted Mansion
294,tt1698641,"Alexander and the Terrible, Horrible, No Good, Very Bad Day"
295,tt1700841,Sausage Party
296,tt17009710,Anatomy of a Fall
297,tt17024450,The Equalizer 3
298,tt1706620,Snowpiercer
299,tt1727824,Bohemian Rhapsody
300,tt17279496,Civil War
301,tt1730768,The Zookeeper's Wife
302,tt17351924,Saltburn
303,tt1741273,Secret in Their Eyes
304,tt1742044,Jersey Boys
305,tt1745960,Top Gun: Maverick
306,tt17527468,Bottoms
307,tt1753383,A Dog's Purpose
308,tt1762399,Walking with Dinosaurs 3D
309,tt17663992,Scream VI
310,tt1772288,Danny Collins
311,tt1781922,No Escape
312,tt1790809,Pirates of the Caribbean: Dead Men Tell No Tales
313,tt1790864,The Maze Runner
314,tt1791528,Inherent Vice
315,tt1798603,Bad Santa 2
316,tt1798684,Southpaw
317,tt1798709,Her
318,tt1800241,American Hustle
319,tt1800246,That Awkward Moment
320,tt1809398,Unbroken
321,tt1810683,Little Boy
322,tt1821549,Nebraska
323,tt1821658,The Nut Job
324,tt1823664,Annie
325,tt1825683,Black Panther
326,tt1826590,About Last Night
327,tt1838556,Honest Thief
328,tt1840309,Divergent
329,tt18412256,Alien: Romulus
330,tt1843866,Captain America: The Winter Soldier
331,tt1850457,Sisters
332,tt1856080,The Boys in the Boat
333,tt1856101,Blade Runner 2049
334,tt1860213,Dirty Grandpa
335,tt1860357,Deepwater Horizon
336,tt1872181,The Amazing Spider-Man 2
337,tt1872194,The Judge
338,tt1877830,The Batman
339,tt1877832,X-Men: Days of Future Past
340,tt1895587,Spotlight
341,tt1896747,Fly Me to the Moon
342,tt1911658,Penguins of Madagascar
343,tt1924435,Let's Be Cops
344,tt1929263,Heaven Is for Real
345,tt1935859,Miss Peregrine's Home for Peculiar Children
346,tt19406606,The Shift
347,tt1946502,UglyDolls
348,tt1950186,Ford v Ferrari
349,tt1951264,The Hunger Games: Catching Fire
350,tt1951265,The Hunger Games: Mockingjay - Part 1
351,tt1951266,The Hunger Games: Mockingjay - Part 2
352,tt1956620,Sex Tape
353,tt1959490,Noah
354,tt1959563,The Hitman's Bodyguard
355,tt1961175,American Assassin
356,tt19637052,Love Lies Bleeding
357,tt1966359,Father Figures
358,tt1972571,A Most Wanted Man
359,tt1972591,King Arthur: Legend of the Sword
360,tt1972779,The Best of Me
361,tt19760052,The Taste of Things
362,tt19770238,Aftersun
363,tt1979376,Toy Story 4
364,tt1979388,The Good Dinosaur
365,tt1980929,Begin Again
366,tt1981115,Thor: The Dark World
367,tt1981128,Geostorm
368,tt1985949,The Angry Birds Movie
369,tt1985966,Cloudy with a Chance of Meatballs 2
370,tt1987680,The Upside
371,tt1995390,Our Kind of Traitor
372,tt2004420,Neighbors
373,tt2005151,War Dogs
374,tt2006295,The 33
375,tt2015381,Guardians of the Galaxy
376,tt2024469,Non-Stop
377,tt2024544,12 Years a Slave
378,tt2039338,Flatliners
379,tt2039393,The Gambler
380,tt2042568,Inside Llewyn Davis
381,tt2057392,Eye in the Sky
382,tt2058107,The Railway Man
383,tt2058673,Point Break
384,tt2066051,Rocketman
385,tt2072233,Sleepless
386,tt2076822,Chaos Walking
387,tt2080374,Steve Jobs
388,tt2084970,The Imitation Game
389,tt2091256,Captain Underpants: The First Epic Movie
390,tt2094766,Assassin's Creed
391,tt2096672,Dumb and Dumber To
392,tt2096673,Inside Out
393,tt2097298,"McFarland, USA"
394,tt2103254,Tammy
395,tt2103281,Dawn of the Planet of the Apes
396,tt2106361,Into the Storm
397,tt21064584,The Iron Claw
398,tt21084334,I Heard the Bells
399,tt2109248,Transformers: Age of Extinction
400,tt21191906,After Death
401,tt21192142,All of Us Strangers
402,tt2119532,Hacksaw Ridge
403,tt2119543,The House with a Clock in Its Walls
404,tt2120120,Pixels
405,tt21232992,Theater Camp
406,tt21235248,Ghostbusters: Frozen Empire
407,tt2126355,San Andreas
408,tt2126357,Second Act
409,tt21276958,Babes
410,tt2140373,Saving Mr. Banks
411,tt2140479,The Accountant
412,tt2140507,The Current War
413,tt2140571,The Broken Hearts Gallery
414,tt21692408,Kung Fu Panda 4
415,tt2170299,Bad Words
416,tt2170439,Horrible Bosses 2
417,tt2170593,St. Vincent
418,tt2172934,3 Days to Kill
419,tt2177771,The Monuments Men
420,tt2179136,American Sniper
421,tt2180411,Into the Woods
422,tt2183034,Earth to Echo
423,tt21942866,Dream Scenario
424,tt2199571,Run All Night
425,tt22022452,Inside Out 2
426,tt2203939,The Other Woman
427,tt22041854,Priscilla
428,tt2205401,Addicted
429,tt2209764,Transcendence
430,tt2223990,Draft Day
431,tt2224026,Home
432,tt2226597,The Mountain Between Us
433,tt2231461,Rampage
434,tt2234003,Calvary
435,tt2235108,Dear White People
436,tt2239822,Valerian and the City of a Thousand Planets
437,tt2241351,Money Monster
438,tt2245084,Big Hero 6
439,tt2247476,When the Game Stands Tall
440,tt2250912,Spider-Man: Homecoming
441,tt2262227,The Book of Life
442,tt2267968,Kung Fu Panda 3
443,tt2267998,Gone Girl
444,tt2268016,Magic Mike XXL
445,tt22687790,A Haunting in Venice
446,tt2277860,Finding Dory
447,tt2278388,The Grand Budapest Hotel
448,tt2279339,Love the Coopers
449,tt2279373,The SpongeBob Movie: Sponge Out of Water
450,tt2283336,Men in Black: International
451,tt2283362,Jumanji: Welcome to the Jungle
452,tt2293640,Minions
453,tt2294449,22 Jump Street
454,tt2294629,Frozen
455,tt2296777,Sherlock Gnomes
456,tt2304771,Mandela: Long Walk to Freedom
457,tt2304933,The 5th Wave
458,tt2305051,Wild
459,tt2309260,The Gallows
460,tt2310332,The Hobbit: The Battle of the Five Armies
461,tt2316204,Alien: Covenant
462,tt2319580,The Grand Seduction
463,tt2322441,Fifty Shades of Grey
464,tt2328900,Mary Queen of Scots
465,tt23289160,Godzilla Minus One
466,tt2333784,The Expendables 3
467,tt2334871,Snatched
468,tt2338151,PK
469,tt2339741,The Woman in Black 2: Angel of Death
470,tt2345759,The Mummy
471,tt23468450,Longlegs
472,tt23561236,American Fiction
473,tt2357291,Rio 2
474,tt2361317,Live by Night
475,tt2361509,The Intern
476,tt2365580,"Where'd You Go, Bernadette"
477,tt2378507,The Glass Castle
478,tt2379713,Spectre
479,tt2380307,Coco
480,tt2381111,Brooklyn
481,tt2381249,Mission: Impossible - Rogue Nation
482,tt2381941,Focus
483,tt2381991,The Huntsman: Winter's War
484,tt2382320,No Time to Die
485,tt2386490,How to Train Your Dragon: The Hidden World
486,tt2387499,Keeping Up with the Joneses
487,tt2388715,Oculus
488,tt2395427,Avengers: Age of Ultron
489,tt2397461,Clifford the Big Red Dog
490,tt2398241,Smurfs: The Lost Village
491,tt2401878,Anomalisa
492,tt2402157,The November Man
493,tt2402927,Carol
494,tt2404181,Belle
495,tt2404233,Gods of Egypt
496,tt2404425,Woman in Gold
497,tt2404435,The Magnificent Seven
498,tt2406566,Atomic Blonde
499,tt2431286,Philomena
500,tt2436386,Project Almanac
501,tt2446042,Taken 3
502,tt2446980,Joy
503,tt2452042,The Peanuts Movie
504,tt2452150,Respect
505,tt2452244,Isn't It Romantic
506,tt2465146,And So It Goes
507,tt2467046,Left Behind
508,tt2488496,Star Wars: Episode VII - The Force Awakens
509,tt2503944,Burnt
510,tt2510894,Hotel Transylvania 2
511,tt2527336,Star Wars: Episode VIII - The Last Jedi
512,tt2527338,Star Wars: Episode IX - The Rise of Skywalker
513,tt2528814,God's Not Dead
514,tt2531344,Blockers
515,tt2543164,Arrival
516,tt2543472,Wonder
517,tt2547584,The Light Between Oceans
518,tt2555736,The Second Best Exotic Marigold Hotel
519,tt2557478,Pacific Rim: Uprising
520,tt2561572,Get Hard
521,tt2562232,Birdman or (The Unexpected Virtue of Ignorance)
522,tt2567026,Alice Through the Looking Glass
523,tt2568862,Going in Style
524,tt2582496,Me and Earl and the Dying Girl
525,tt2582500,Shut In
526,tt2582782,Hell or High Water
527,tt2582846,The Fault in Our Stars
528,tt2584384,Jojo Rabbit
529,tt2592614,Resident Evil: The Final Chapter
530,tt26047818,Anyone But You
531,tt2609758,A Madea Christmas
532,tt2626350,Step Up All In
533,tt2637276,Ted 2
534,tt2649554,Midnight Special
535,tt2652092,The Good Lie
536,tt2660888,Star Trek Beyond
537,tt2671706,Fences
538,tt2674426,Me Before You
539,tt26753003,Trap
540,tt2692250,Night at the Museum: Secret of the Tomb
541,tt26928684,Summer Camp
542,tt2702724,The Boss
543,tt2704998,Game Night
544,tt2709692,The Grinch
545,tt2709768,The Secret Life of Pets
546,tt2713180,Fury
547,tt2719848,Everest
548,tt2726560,The Longest Ride
549,tt27503384,Perfect Days
550,tt2752772,Sinister 2
551,tt2771200,Beauty and the Beast
552,tt2784678,Top Five
553,tt2785390,America: Imagine the World Without Her
554,tt2788732,Pete's Dragon
555,tt2798920,Annihilation
556,tt2802144,Kingsman: The Secret Service
557,tt28172032,Escape from Germany
558,tt2820852,Furious 7
559,tt2823054,Mike and Dave Need Wedding Dates
560,tt2828996,A Haunted House 2
561,tt28366692,Janet Planet
562,tt2837574,The Old Man & the Gun
563,tt28479262,Sing Sing
564,tt2848292,Pitch Perfect 2
565,tt2850386,The Croods: A New Age
566,tt2854926,Tag
567,tt2869728,Ride Along 2
568,tt2870708,Wish I Was Here
569,tt2872518,The Shack
570,tt2872718,Nightcrawler
571,tt2872732,Lucy
572,tt2872750,Shaun the Sheep Movie
573,tt2873282,Red Sparrow
574,tt28814949,Taylor Swift: The Eras Tour
575,tt2883434,Black or White
576,tt2883512,Chef
577,tt2906216,Dungeons & Dragons: Honor Among Thieves
578,tt2908446,The Divergent Series: Insurgent
579,tt2911666,John Wick
580,tt2918436,The Lazarus Effect
581,tt2932536,47 Meters Down
582,tt2935476,Far from the Madding Crowd
583,tt2935510,Ad Astra
584,tt2937696,Everybody Wants Some!!
585,tt2938956,The Transporter Refueled
586,tt2948356,Zootopia
587,tt2953050,Encanto
588,tt2967224,Hot Pursuit
589,tt2974918,Alvin and the Chipmunks: The Road Chip
590,tt2975578,The Purge: Anarchy
591,tt2975590,Batman v Superman: Dawn of Justice
592,tt2978462,Dolphin Tale 2
593,tt2980210,A Hologram for the King
594,tt2980516,The Theory of Everything
595,tt2980648,The Hundred-Foot Journey
596,tt3007512,The Water Diviner
597,tt3014284,The Lego Ninjago Movie
598,tt3014666,Moms' Night Out
599,tt30319503,Dìdi
600,tt30321095,Ghostlight
601,tt30395619,Demon Slayer: Kimetsu No Yaiba - To the Hashira Training
602,tt3040964,The Jungle Book
603,tt3062096,Inferno
604,tt3065204,The Conjuring 2
605,tt3068194,Love & Friendship
606,tt3076658,Creed
607,tt3077214,Suffragette
608,tt3079380,Spy
609,tt3095734,Monster Trucks
610,tt3104956,The Good House
611,tt3104988,Crazy Rich Asians
612,tt3110958,Now You See Me 2
613,tt3125324,Beyond the Lights
614,tt3152624,Trainwreck
615,tt3168230,Mr. Holmes
616,tt3183660,Fantastic Beasts and Where to Find Them
617,tt3195644,Insidious: Chapter 3
618,tt3201736,Run the Race
619,tt3203606,Trumbo
620,tt3210686,Son of God
621,tt3224458,A Beautiful Day in the Neighborhood
622,tt3228774,Cruella
623,tt3231010,Island of Lemurs: Madagascar
624,tt3231054,Risen
625,tt3234122,Widow Clicquot
626,tt3235888,It Follows
627,tt3236120,I'll See You in My Dreams
628,tt3263904,Sully
629,tt3281548,Little Women
630,tt3300542,London Has Fallen
631,tt3315342,Logan
632,tt3322364,Concussion
633,tt3322940,Annabelle
634,tt3332064,Pan
635,tt3348730,Jigsaw
636,tt3352390,Friend Request
637,tt3369806,Max
638,tt3371366,Transformers: The Last Knight
639,tt3385516,X-Men: Apocalypse
640,tt3387266,A United Kingdom
641,tt3387520,Scary Stories to Tell in the Dark
642,tt3387542,The Forest
643,tt3393786,Jack Reacher: Never Go Back
644,tt3397884,Sicario
645,tt3401882,Fist Fight
646,tt3402236,Murder on the Orient Express
647,tt3410834,Allegiant
648,tt3411444,Ferdinand
649,tt3416828,Ice Age: Collision Course
650,tt3427252,The Boogeyman
651,tt3450650,Paul Blart: Mall Cop 2
652,tt3450958,War for the Planet of the Apes
653,tt3460252,The Hateful Eight
654,tt3464902,The Lobster
655,tt3469046,Despicable Me 3
656,tt3470600,Sing
657,tt3480822,Black Widow
658,tt3498820,Captain America: Civil War
659,tt3499096,Race
660,tt3501632,Thor: Ragnarok
661,tt3513498,The Lego Movie 2: The Second Part
662,tt3513548,Richard Jewell
663,tt3521126,The Disaster Artist
664,tt3521164,Moana
665,tt3522806,Mechanic: Resurrection
666,tt3530002,The Night Before
667,tt3531824,Nerve
668,tt3532216,American Made
669,tt3544112,Sing Street
670,tt3553442,Whiskey Tango Foxtrot
671,tt3553976,Captain Fantastic
672,tt3564472,Girls Trip
673,tt3567288,The Visit
674,tt3581652,West Side Story
675,tt3606752,Cars 3
676,tt3606756,Incredibles 2
677,tt3612126,The Grudge
678,tt3612616,Mommy
679,tt3622592,Paper Towns
680,tt3623726,Ricki and the Flash
681,tt3628584,Barbershop: The Next Cut
682,tt3631112,The Girl on the Train
683,tt3640424,Allied
684,tt3659388,The Martian
685,tt3682448,Bridge of Spies
686,tt3691740,The BFG
687,tt3704428,Elvis
688,tt3717252,Underworld: Blood Wars
689,tt3717490,Power Rangers
690,tt3722234,Gosnell: The Trial of America's Biggest Serial Killer
691,tt3731562,Kong: Skull Island
692,tt3741700,Godzilla: King of the Monsters
693,tt3741834,Lion
694,tt3748528,Rogue One: A Star Wars Story
695,tt3758542,Ferrari
696,tt3760922,My Big Fat Greek Wedding 2
697,tt3766354,The Equalizer 2
698,tt3766394,"Hello, My Name Is Doris"
699,tt3774114,Snowden
700,tt3778644,Solo: A Star Wars Story
701,tt3783958,La La Land
702,tt3797868,The Choice
703,tt3799694,The Nice Guys
704,tt3829266,The Predator
705,tt3829920,Only the Brave
706,tt3832914,War Room
707,tt3850214,Dope
708,tt3861390,Dumbo
709,tt3874544,The Boss Baby
710,tt3881784,Stronger
711,tt3882082,The Boy
712,tt3890160,Baby Driver
713,tt3892172,Leave No Trace
714,tt3896198,Guardians of the Galaxy Vol. 2
715,tt3915174,Puss in Boots: The Last Wish
716,tt3949660,Teenage Mutant Ninja Turtles: Out of the Shadows
717,tt4003774,Meet the Mormons
718,tt4034228,Manchester by the Sea
719,tt4034354,Swiss Army Man
720,tt4046784,Maze Runner: The Scorch Trials
721,tt4052882,The Shallows
722,tt4056738,Do You Believe?
723,tt4103724,Forever My Girl
724,tt4116284,The Lego Batman Movie
725,tt4123430,Fantastic Beasts: The Crimes of Grindelwald
726,tt4123432,Fantastic Beasts: The Secrets of Dumbledore
727,tt4126476,After
728,tt4131800,My Little Pony: The Movie
729,tt4136084,Florence Foster Jenkins
730,tt4139124,Keanu
731,tt4154664,Captain Marvel
732,tt4154756,Avengers: Infinity War
733,tt4154796,Avengers: Endgame
734,tt4160708,Don't Breathe
735,tt4172430,13 Hours: The Secret Soldiers of Benghazi
736,tt4178092,The Gift
737,tt4183692,Woodlawn
738,tt4191580,Meet the Blacks
739,tt4193394,Indignation
740,tt4196776,Jason Bourne
741,tt4209788,Molly's Game
742,tt4218572,Widows
743,tt4244998,Alpha
744,tt4257926,Miracles from Heaven
745,tt4258698,Southside with You
746,tt4276820,The Founder
747,tt4302938,Kubo and the Two Strings
748,tt4341582,Queen of Katwe
749,tt4353250,The Last Black Man in San Francisco
750,tt4364194,The Peanut Butter Falcon
751,tt4383594,Nine Lives
752,tt4385888,20th Century Women
753,tt4411596,My Cousin Rachel
754,tt4425200,John Wick: Chapter 2
755,tt4426464,Arctic Dogs
756,tt4438848,Neighbors 2: Sorority Rising
757,tt4463894,Shaft
758,tt4468740,Paddington 2
759,tt4477536,Fifty Shades Freed
760,tt4481414,Gifted
761,tt4481514,The House
762,tt4495098,Gran Turismo
763,tt4500922,Maze Runner: The Death Cure
764,tt4501244,Why Him?
765,tt4504044,The Prodigy
766,tt4513674,Café Society
767,tt4513678,Ghostbusters: Afterlife
768,tt4520988,Frozen II
769,tt4532038,The War with Grandpa
770,tt4532826,Robin Hood
771,tt4537896,White Boy Rick
772,tt4550098,Nocturnal Animals
773,tt4555426,Darkest Hour
774,tt4572514,Patriots Day
775,tt4575576,Christopher Robin
776,tt4587656,The Star
777,tt4589218,Five Nights at Freddy's
778,tt4594834,Chi-Raq
779,tt4595882,Can You Ever Forgive Me?
780,tt4622512,Battle of the Sexes
781,tt4624424,Storks
782,tt4629266,Born in China
783,tt4630562,The Fate of the Furious
784,tt4633694,Spider-Man: Into the Spider-Verse
785,tt4645330,Denial
786,tt4648786,Harriet
787,tt4649416,Almost Christmas
788,tt4649466,Kingsman: The Golden Circle
789,tt4651520,Bad Moms
790,tt4663548,All Saints
791,tt4667094,Fifty Shades of Black
792,tt4669264,Beirut
793,tt4669788,On the Basis of Sex
794,tt4669986,Loving
795,tt4680182,Colossal
796,tt4682266,The New Mutants
797,tt4682786,Collateral Beauty
798,tt4686844,The Death of Stalin
799,tt4695012,It Comes at Night
800,tt4698684,Hunt for the Wilderpeople
801,tt4701182,Bumblebee
802,tt4765284,Pitch Perfect 3
803,tt4777008,Maleficent: Mistress of Evil
804,tt4779682,The Meg
805,tt4786282,Lights Out
806,tt4795124,How to Be a Latin Lover
807,tt4799050,Rough Night
808,tt4823776,The SpongeBob Movie: Sponge on the Run
809,tt4824308,God's Not Dead 2
810,tt4846340,Hidden Figures
811,tt4877122,The Emoji Movie
812,tt4881806,Jurassic World: Fallen Kingdom
813,tt4899370,Megan Leavey
814,tt4912910,Mission: Impossible - Fallout
815,tt4913966,The Curse of La Llorona
816,tt4916630,Just Mercy
817,tt4919268,Bad Boys: Ride or Die
818,tt4925292,Lady Bird
819,tt4935462,Amazing Grace
820,tt4960748,Till
821,tt4964788,Everybody Knows
822,tt4971344,The Sisters Brothers
823,tt4972582,Split
824,tt4975722,Moonlight
825,tt4981636,Middle School: The Worst Years of My Life
826,tt5001718,"Everything, Everything"
827,tt5013056,Dunkirk
828,tt5027774,"Three Billboards Outside Ebbing, Missouri"
829,tt5028340,Mary Poppins Returns
830,tt5033998,Charlie's Angels
831,tt5052448,Get Out
832,tt5052474,Sicario: Day of the Soldado
833,tt5074352,Dangal
834,tt5083738,The Favourite
835,tt5090568,Transformers: Rise of the Beasts
836,tt5095030,Ant-Man and the Wasp
837,tt5104604,Isle of Dogs
838,tt5108870,Morbius
839,tt5109280,Raya and the Last Dragon
840,tt5113040,The Secret Life of Pets 2
841,tt5113044,Minions: The Rise of Gru
842,tt5117670,Peter Rabbit
843,tt5140878,Annabelle: Creation
844,tt5151570,Mrs. Harris Goes to Paris
845,tt5164214,Ocean's Eight
846,tt5164432,"Love, Simon"
847,tt5208252,Operation Finale
848,tt5220122,Hotel Transylvania 3: Summer Vacation
849,tt5259966,No Manches Frida
850,tt5270948,Chappaquiddick
851,tt5294550,All the Money in the World
852,tt5301662,Marshall
853,tt5308322,Happy Death Day
854,tt5311514,Your Name.
855,tt5314190,Sgt. Stubby: An American Hero
856,tt5325452,Boo! A Madea Halloween
857,tt5360952,The Hurricane Heist
858,tt5362988,Wind River
859,tt5390504,Detroit
860,tt5427194,The Miracle Season
861,tt5433138,F9: The Fast Saga
862,tt5433140,Fast X
863,tt5437928,Colette
864,tt5439796,Logan Lucky
865,tt5439812,Zola
866,tt5442430,Life
867,tt5461944,Hotel Mumbai
868,tt5462602,The Big Sick
869,tt5463162,Deadpool 2
870,tt5478478,Hostiles
871,tt5503686,Hustlers
872,tt5523010,The Nutcracker and the Four Realms
873,tt5537002,Killers of the Flower Moon
874,tt5563334,The Good Liar
875,tt5563782,Followed
876,tt5577494,Clemency
877,tt5580036,"I, Tonya"
878,tt5580266,The Hate U Give
879,tt5580390,The Shape of Water
880,tt5606664,Doctor Sleep
881,tt5607096,"Juliet, Naked"
882,tt5613484,Mid90s
883,tt5616176,2 Hearts
884,tt5619332,Life of the Party
885,tt5646136,Hillary's America: The Secret History of the Democratic Party
886,tt5649144,The Florida Project
887,tt5655222,The Hero
888,tt5657846,Daddy's Home 2
889,tt5664636,Goosebumps 2: Haunted Halloween
890,tt5672290,The First Omen
891,tt5688932,Sorry to Bother You
892,tt5690360,Slender Man
893,tt5691024,Show Dogs
894,tt5697572,Cats
895,tt5709188,A-X-L
896,tt5719700,Home Again
897,tt5719748,Cold Pursuit
898,tt5726086,Insidious: The Last Key
899,tt5727208,Uncut Gems
900,tt5734576,The Possession of Hannah Grace
901,tt5738280,Dutch
902,tt5758778,Skyscraper
903,tt5774060,Underwater
904,tt5776858,Phantom Thread
905,tt5779228,The Garfield Movie
906,tt5804314,Let There Be Light
907,tt5814060,The Nun
908,tt5814534,Spies in Disguise
909,tt5816682,Victoria & Abdul
910,tt5822564,The Kitchen
911,tt5827916,A Hidden Life
912,tt5848272,Ralph Breaks the Internet
913,tt5867314,The Empty Man
914,tt5884052,Pokémon: Detective Pikachu
915,tt5886046,Escape Room
916,tt5929750,Beatriz at Dinner
917,tt5952594,The Mustang
918,tt5962210,Ingrid Goes West
919,tt5971474,The Little Mermaid
920,tt6000478,"Roman J. Israel, Esq."
921,tt6003368,Diary of a Wimpy Kid: The Long Haul
922,tt6053438,First Reformed
923,tt6054650,A Question of Faith
924,tt6063050,Acrimony
925,tt6095472,The Angry Birds Movie 2
926,tt6105098,The Lion King
927,tt6107548,Late Night
928,tt6108178,Disobedience
929,tt6113488,The Case for Christ
930,tt6133466,The First Purge
931,tt6139732,Aladdin
932,tt6146586,John Wick: Chapter 3 - Parabellum
933,tt6166392,Wonka
934,tt6182908,Smallfoot
935,tt6189022,Angel Has Fallen
936,tt6217804,Boo 2! A Madea Halloween
937,tt6225520,The Man Who Invented Christmas
938,tt6246322,Don't Breathe 2
939,tt6263850,Deadpool & Wolverine
940,tt6264654,Free Guy
941,tt6266538,Vice
942,tt6294822,The Post
943,tt6306064,Adrift
944,tt6320628,Spider-Man: Far from Home
945,tt6324278,Abominable
946,tt6343314,Creed II
947,tt6348138,Missing Link
948,tt6359956,A Bad Moms Christmas
949,tt6394270,Bombshell
950,tt6398184,Downton Abbey
951,tt6421110,Proud Mary
952,tt6428676,Wonder Park
953,tt6439020,The Personal History of David Copperfield
954,tt6443346,Black Adam
955,tt6450186,I Can Only Imagine
956,tt6450804,Terminator: Dark Fate
957,tt6467266,Sing 2
958,tt6472976,Five Feet Apart
959,tt6475714,Monster Hunter
960,tt6495056,Migration
961,tt6512428,Indivisible
962,tt6513120,Fighting with My Family
963,tt6543652,Cold War
964,tt6565702,X-Men: Dark Phoenix
965,tt6574272,Phoenix Forgotten
966,tt6587046,The Boy and the Heron
967,tt6644200,A Quiet Place
968,tt6652708,God's Not Dead: A Light in Darkness
969,tt6663582,The Spy Who Dumped Me
970,tt6673612,Dolittle
971,tt6710474,Everything Everywhere All at Once
972,tt6718170,The Super Mario Bros. Movie
973,tt6722030,The Intruder
974,tt6723592,Tenet
975,tt6751668,Parasite
976,tt6772950,Truth or Dare
977,tt6781982,Night School
978,tt6791096,I Feel Pretty
979,tt6791350,Guardians of the Galaxy Vol. 3
980,tt6802308,The 15:17 to Paris
981,tt6806448,Fast & Furious Presents: Hobbs & Shaw
982,tt6811018,The Kid Who Would Be King
983,tt6820256,Arctic
984,tt6823368,Glass
985,tt6850820,Peppermint
986,tt6856242,The King's Man
987,tt6857112,Us
988,tt6857166,Book Club
989,tt6878306,News of the World
990,tt6881490,Sound of Hope: The Story of Possum Trot
991,tt6902332,The Marksman
992,tt6902696,Gloria Bell
993,tt6906292,Retribution
994,tt6911608,Mamma Mia! Here We Go Again
995,tt6920084,Resident Evil: Welcome to Raccoon City
996,tt6924650,Midway
997,tt6932874,The Boss Baby: Family Business
998,tt6951892,Samson
999,tt6964076,
1000,tt6966692,
1001,tt6977338,
1002,tt7008872,
1003,tt7014006,
1004,tt7040874,
1005,tt7054636,
1006,tt7083526,
1007,tt7097896,
1008,tt7125860,
1009,tt7126948,
1010,tt7130916,
1011,tt7131622,
1012,tt7137846,
1013,tt7144666,
1014,tt7160372,
1015,tt7242142,
1016,tt7286456,
1017,tt7322224,
1018,tt7329656,
1019,tt7334528,
1020,tt7339792,
1021,tt7349662,
1022,tt7349950,
1023,tt7365604,
1024,tt7388562,
1025,tt7390646,
1026,tt7401588,
1027,tt7405458,
1028,tt7424200,
1029,tt7466442,
1030,tt7504818,
1031,tt7510222,
1032,tt7547410,
1033,tt7549996,
1034,tt7599146,
1035,tt7605074,
1036,tt7616798,
1037,tt7634968,
1038,tt7657566,
1039,tt7664504,
1040,tt7668870,
1041,tt7671064,
1042,tt7681902,
1043,tt7690670,
1044,tt7693316,
1045,tt7740496,
1046,tt7775622,
1047,tt7784604,
1048,tt7798634,
1049,tt7860270,
1050,tt7888964,
1051,tt7905466,
1052,tt7959026,
1053,tt7975244,
1054,tt7984734,
1055,tt8004664,
1056,tt8041270,
1057,tt8045906,
1058,tt8079248,
1059,tt8080302,
1060,tt8085790,
1061,tt8093700,
1062,tt8110652,
1063,tt8110900,
1064,tt8115900,
1065,tt8151874,
1066,tt8155288,
1067,tt8186318,
1068,tt8266310,
1069,tt8277246,
1070,tt8291224,
1071,tt8305806,
1072,tt8332922,
1073,tt8333746,
1074,tt8338076,
1075,tt8350360,
1076,tt8356942,
1077,tt8364368,
1078,tt8367814,
1079,tt8368512,
1080,tt8376234,
1081,tt8385148,
1082,tt8385474,
1083,tt8477134,
1084,tt8521778,
1085,tt8564902,
1086,tt8579674,
1087,tt8589698,
1088,tt8609660,
1089,tt8623904,
1090,tt8637428,
1091,tt8688634,
1092,tt8722346,
1093,tt8760684,
1094,tt8760708,
1095,tt8772262,
1096,tt8829830,
1097,tt8847712,
1098,tt8884430,
1099,tt8912936,
1100,tt8928230,
1101,tt8946378,
1102,tt8969332,
1103,tt9024106,
1104,tt9032400,
1105,tt9071322,
1106,tt9098454,
1107,tt9098872,
1108,tt9114286,
1109,tt9116358,
1110,tt9134216,
1111,tt9224104,
1112,tt9271672,
1113,tt9340860,
1114,tt9347730,
1115,tt9357050,
1116,tt9362722,
1117,tt9362930,
1118,tt9376612,
1119,tt9411972,
1120,tt9419056,
1121,tt9419884,
1122,tt9426210,
1123,tt9487594,
1124,tt9603212,
1125,tt9620288,
1126,tt9620292,
1127,tt9663764,
1128,tt9682428,
1129,tt9731534,
1130,tt9735462,
1131,tt9764362,
1132,tt9784798,
1133,tt9883996,
